{
  "bsr": {
    "Fresh BSR": {
      "reported_backlog_mean_bytes": {
        "ci95": 1326.9132548609157,
        "count": 5,
        "mean": 40561.96649647137
      },
      "scheduled_backlog_mean_bytes": {
        "ci95": 2271.6591204199276,
        "count": 5,
        "mean": 44942.3401943002
      }
    },
    "Stale BSR": {
      "reported_backlog_mean_bytes": {
        "ci95": 1405.027162216802,
        "count": 5,
        "mean": 70091.26326787929
      },
      "scheduled_backlog_mean_bytes": {
        "ci95": 1774.0212160806257,
        "count": 5,
        "mean": 69810.22152407105
      }
    }
  },
  "bss": {
    "Aggressive": {
      "concurrent_ap_airtime_percent": {
        "ci95": 0.0,
        "count": 5,
        "mean": 0.0
      },
      "goodput_mbps": {
        "ci95": 0.0,
        "count": 5,
        "mean": 6.4
      },
      "jain_fairness": {
        "ci95": 0.0,
        "count": 5,
        "mean": 1.0
      }
    },
    "Color collision": {
      "concurrent_ap_airtime_percent": {
        "ci95": 0.0,
        "count": 5,
        "mean": 0.0
      },
      "goodput_mbps": {
        "ci95": 0.0,
        "count": 5,
        "mean": 6.4
      },
      "jain_fairness": {
        "ci95": 0.0,
        "count": 5,
        "mean": 1.0
      }
    },
    "Conservative": {
      "concurrent_ap_airtime_percent": {
        "ci95": 0.0,
        "count": 5,
        "mean": 0.0
      },
      "goodput_mbps": {
        "ci95": 0.05330774601979768,
        "count": 5,
        "mean": 6.419200000000001
      },
      "jain_fairness": {
        "ci95": 1.6468889141389037e-05,
        "count": 5,
        "mean": 0.9999940683541301
      }
    },
    "Disabled": {
      "concurrent_ap_airtime_percent": {
        "ci95": 0.0,
        "count": 5,
        "mean": 0.0
      },
      "goodput_mbps": {
        "ci95": 0.05330774601979768,
        "count": 5,
        "mean": 6.419200000000001
      },
      "jain_fairness": {
        "ci95": 1.6468889141389037e-05,
        "count": 5,
        "mean": 0.9999940683541301
      }
    },
    "Enabled": {
      "concurrent_ap_airtime_percent": {
        "ci95": 0.0,
        "count": 5,
        "mean": 0.0
      },
      "goodput_mbps": {
        "ci95": 0.0,
        "count": 5,
        "mean": 6.4
      },
      "jain_fairness": {
        "ci95": 0.0,
        "count": 5,
        "mean": 1.0
      }
    }
  },
  "dl": {
    "Backlog": {
      "delay_p95_ms": {
        "ci95": 0.17137844081500672,
        "count": 5,
        "mean": 35.768954195199996
      },
      "goodput_mbps": {
        "ci95": 0.32820108624542216,
        "count": 5,
        "mean": 19.72266666666667
      },
      "jain_fairness": {
        "ci95": 0.0008416099894192747,
        "count": 5,
        "mean": 0.8623690456816258
      }
    },
    "EDCA": {
      "delay_p95_ms": {
        "ci95": 0.05331138351685012,
        "count": 5,
        "mean": 20.4664703966
      },
      "goodput_mbps": {
        "ci95": 0.0,
        "count": 5,
        "mean": 4.08969696969697
      },
      "jain_fairness": {
        "ci95": 0.0,
        "count": 5,
        "mean": 0.9977443580027087
      }
    },
    "HoL min delay": {
      "delay_p95_ms": {
        "ci95": 0.4850485000248166,
        "count": 5,
        "mean": 87.10939804656999
      },
      "goodput_mbps": {
        "ci95": 0.02392977831175944,
        "count": 5,
        "mean": 7.515636363636365
      },
      "jain_fairness": {
        "ci95": 0.0006866414133283093,
        "count": 5,
        "mean": 0.6772558061494377
      }
    },
    "fBW": {
      "delay_p95_ms": {
        "ci95": 0.03018809875198606,
        "count": 5,
        "mean": 11.839871008900001
      },
      "goodput_mbps": {
        "ci95": 0.08058962491605724,
        "count": 5,
        "mean": 12.862060606060606
      },
      "jain_fairness": {
        "ci95": 0.00013373535157126172,
        "count": 5,
        "mean": 0.9988563254375732
      }
    },
    "fHoL": {
      "delay_p95_ms": {
        "ci95": 0.05589382270443573,
        "count": 5,
        "mean": 14.01737361212
      },
      "goodput_mbps": {
        "ci95": 0.0791374406584157,
        "count": 5,
        "mean": 11.008000000000001
      },
      "jain_fairness": {
        "ci95": 0.0,
        "count": 5,
        "mean": 1.0000000000000002
      }
    }
  },
  "fragmentation": {
    "Dynamic": {
      "ack_airtime_total_ms": {
        "ci95": 1.2650961008590427,
        "count": 5,
        "mean": 52.99679999999999
      },
      "mac_frame_size_mean_bytes": {
        "ci95": 1.1365447680118754,
        "count": 5,
        "mean": 297.3373517847997
      }
    },
    "Static": {
      "ack_airtime_total_ms": {
        "ci95": 1.2650961008590427,
        "count": 5,
        "mean": 52.99679999999999
      },
      "mac_frame_size_mean_bytes": {
        "ci95": 1.1365447680118754,
        "count": 5,
        "mean": 297.3373517847997
      }
    },
    "Unfragmented": {
      "ack_airtime_total_ms": {
        "ci95": 0.037759653430696684,
        "count": 5,
        "mean": 73.42640000000003
      },
      "mac_frame_size_mean_bytes": {
        "ci95": 0.0,
        "count": 5,
        "mean": 1470.0
      }
    }
  },
  "mimo": {
    "20 MHz MU-MIMO": {
      "goodput_mbps": {
        "ci95": 0.0,
        "count": 5,
        "mean": 5.9345454545454555
      }
    },
    "20 MHz OFDMA": {
      "goodput_mbps": {
        "ci95": 0.08058962491605724,
        "count": 5,
        "mean": 12.862060606060606
      }
    }
  },
  "puncturing": {
    "Clean": {
      "goodput_mbps": {
        "ci95": 0.0,
        "count": 5,
        "mean": 16.000000000000004
      }
    },
    "Interference, punctured": {
      "goodput_mbps": {
        "ci95": 0.0,
        "count": 5,
        "mean": 16.000000000000004
      }
    },
    "Interference, unpunctured": {
      "goodput_mbps": {
        "ci95": 0.0,
        "count": 5,
        "mean": 16.000000000000004
      }
    },
    "Runtime puncturing": {
      "goodput_mbps": {
        "ci95": 0.0,
        "count": 5,
        "mean": 16.000000000000004
      },
      "observed_masks": [
        0,
        2
      ]
    }
  },
  "rate": {
    "Mobile HE Minstrel": {
      "goodput_mbps": {
        "ci95": 2.9900684993942583,
        "count": 5,
        "mean": 11.0052
      },
      "selected_mcs_max": 11,
      "selected_mcs_min": 0,
      "tx_success_fraction": {
        "ci95": 0.02085617312771248,
        "count": 5,
        "mean": 0.9701889040056972
      }
    }
  },
  "twt": {
    "Baseline": {
      "delivered_bytes": {
        "ci95": 111.05780420791174,
        "count": 5,
        "mean": 15960.0
      },
      "energy_per_bit_j": {
        "ci95": 1.9986252827623375e-08,
        "count": 5,
        "mean": 2.854311138771627e-06
      },
      "goodput_mbps": {
        "ci95": 9.871804818481054e-06,
        "count": 5,
        "mean": 0.0014186666666666666
      }
    },
    "TWT": {
      "delivered_bytes": {
        "ci95": 0.0,
        "count": 5,
        "mean": 16000.0
      },
      "energy_per_bit_j": {
        "ci95": 4.300000211215e-11,
        "count": 5,
        "mean": 1.5552121124310594e-06
      },
      "goodput_mbps": {
        "ci95": 0.0,
        "count": 5,
        "mean": 0.001422222222222222
      }
    },
    "delivery_ratio_twt_over_baseline": {
      "ci95": 0.007028974949867869,
      "count": 5,
      "mean": 1.0025316455696203
    }
  },
  "uora": {
    "Heavy, 1 RA-RU": {
      "attempts": {
        "ci95": 56.66533329323599,
        "count": 5,
        "mean": 83.8
      },
      "success_probability": {
        "ci95": 0.04566391074425977,
        "count": 5,
        "mean": 0.6166819975916511
      }
    },
    "Heavy, 3 RA-RUs": {
      "attempts": {
        "ci95": 134.26459079987285,
        "count": 5,
        "mean": 223.2
      },
      "success_probability": {
        "ci95": 0.04497748030572251,
        "count": 5,
        "mean": 0.6375264550746943
      }
    },