{
  "bsr": {
    "Fresh BSR": {
      "reported_backlog_mean_bytes": {
        "ci95": 3730.3495381396992,
        "count": 5,
        "mean": 54128.10893362976
      },
      "scheduled_backlog_mean_bytes": {
        "ci95": 2236.6985569943786,
        "count": 5,
        "mean": 55125.34104326195
      }
    },
    "Stale BSR": {
      "reported_backlog_mean_bytes": {
        "ci95": 3179.745096063212,
        "count": 5,
        "mean": 73246.78472182213
      },
      "scheduled_backlog_mean_bytes": {
        "ci95": 2945.0079116413067,
        "count": 5,
        "mean": 73815.56025395289
      }
    }
  },
  "bss": {
    "Aggressive": {
      "concurrent_ap_airtime_percent": {
        "ci95": 0.0,
        "count": 5,
        "mean": 0.0
      },
      "goodput_mbps": {
        "ci95": 0.0,
        "count": 5,
        "mean": 6.4
      },
      "jain_fairness": {
        "ci95": 0.0,
        "count": 5,
        "mean": 1.0
      }
    },
    "Color collision": {
      "concurrent_ap_airtime_percent": {
        "ci95": 0.0,
        "count": 5,
        "mean": 0.0
      },
      "goodput_mbps": {
        "ci95": 0.0,
        "count": 5,
        "mean": 6.4
      },
      "jain_fairness": {
        "ci95": 0.0,
        "count": 5,
        "mean": 1.0
      }
    },
    "Conservative": {
      "concurrent_ap_airtime_percent": {
        "ci95": 0.0,
        "count": 5,
        "mean": 0.0
      },
      "goodput_mbps": {
        "ci95": 0.05330774601979768,
        "count": 5,
        "mean": 6.419200000000001
      },
      "jain_fairness": {
        "ci95": 1.6468889141389037e-05,
        "count": 5,
        "mean": 0.9999940683541301
      }
    },
    "Disabled": {
      "concurrent_ap_airtime_percent": {
        "ci95": 0.0,
        "count": 5,
        "mean": 0.0
      },
      "goodput_mbps": {
        "ci95": 0.05330774601979768,
        "count": 5,
        "mean": 6.419200000000001
      },
      "jain_fairness": {
        "ci95": 1.6468889141389037e-05,
        "count": 5,
        "mean": 0.9999940683541301
      }
    },
    "Enabled": {
      "concurrent_ap_airtime_percent": {
        "ci95": 0.0,
        "count": 5,
        "mean": 0.0
      },
      "goodput_mbps": {
        "ci95": 0.0,
        "count": 5,
        "mean": 6.4
      },
      "jain_fairness": {
        "ci95": 0.0,
        "count": 5,
        "mean": 1.0
      }
    }
  },
  "dl": {
    "Backlog": {
      "delay_p95_ms": {
        "ci95": 0.08449850685939335,
        "count": 5,
        "mean": 35.9701164496
      },
      "goodput_mbps": {
        "ci95": 0.28067739493385957,
        "count": 5,
        "mean": 19.629575757575758
      },
      "jain_fairness": {
        "ci95": 0.0002990898449314483,
        "count": 5,
        "mean": 0.862145825563438
      }
    },
    "EDCA": {
      "delay_p95_ms": {
        "ci95": 0.025287209578534166,
        "count": 5,
        "mean": 20.50824779531
      },
      "goodput_mbps": {
        "ci95": 0.015050472705499826,
        "count": 5,
        "mean": 4.067878787878788
      },
      "jain_fairness": {
        "ci95": 0.00015693178686084232,
        "count": 5,
        "mean": 0.9988178262570819
      }
    },
    "HoL min delay": {
      "delay_p95_ms": {
        "ci95": 0.6382072496938889,
        "count": 5,
        "mean": 87.21480495582
      },
      "goodput_mbps": {
        "ci95": 0.0345571438850246,
        "count": 5,
        "mean": 7.523393939393941
      },
      "jain_fairness": {
        "ci95": 0.0017424101893793553,
        "count": 5,
        "mean": 0.6769451140215759
      }
    },
    "fBW": {
      "delay_p95_ms": {
        "ci95": 0.05104646714072888,
        "count": 5,
        "mean": 11.907791161050001
      },
      "goodput_mbps": {
        "ci95": 0.06811066438478107,
        "count": 5,
        "mean": 12.8
      },
      "jain_fairness": {
        "ci95": 0.00019245673175008696,
        "count": 5,
        "mean": 0.9997936913134868
      }
    },
    "fHoL": {
      "delay_p95_ms": {
        "ci95": 0.026890851456291092,
        "count": 5,
        "mean": 14.054255132180003
      },
      "goodput_mbps": {
        "ci95": 0.07913744065841573,
        "count": 5,
        "mean": 10.984727272727273
      },
      "jain_fairness": {
        "ci95": 0.0,
        "count": 5,
        "mean": 1.0000000000000002
      }
    }
  },
  "fragmentation": {
    "Dynamic": {
      "ack_airtime_total_ms": {
        "ci95": 1.2650961008590427,
        "count": 5,
        "mean": 52.99679999999999
      },
      "mac_frame_size_mean_bytes": {
        "ci95": 1.1365447680118754,
        "count": 5,
        "mean": 297.3373517847997
      }
    },
    "Static": {
      "ack_airtime_total_ms": {
        "ci95": 1.2650961008590427,
        "count": 5,
        "mean": 52.99679999999999
      },
      "mac_frame_size_mean_bytes": {
        "ci95": 1.1365447680118754,
        "count": 5,
        "mean": 297.3373517847997
      }
    },
    "Unfragmented": {
      "ack_airtime_total_ms": {
        "ci95": 0.037759653430696684,
        "count": 5,
        "mean": 73.42640000000003
      },
      "mac_frame_size_mean_bytes": {
        "ci95": 0.0,
        "count": 5,
        "mean": 1470.0
      }
    }
  },
  "mimo": {
    "20 MHz MU-MIMO": {
      "goodput_mbps": {
        "ci95": 0.029919794646026416,
        "count": 5,
        "mean": 0.20509090909090913
      }
    },
    "20 MHz OFDMA": {
      "goodput_mbps": {
        "ci95": 0.06811066438478107,
        "count": 5,
        "mean": 12.8
      }
    }
  },
  "puncturing": {
    "Clean": {
      "goodput_mbps": {
        "ci95": 0.0,
        "count": 5,
        "mean": 16.000000000000004
      }
    },
    "Interference, punctured": {
      "goodput_mbps": {
        "ci95": 0.08213314246441855,
        "count": 5,
        "mean": 15.862857142857147
      }
    },
    "Interference, unpunctured": {
      "goodput_mbps": {
        "ci95": 0.11727525551387533,
        "count": 5,
        "mean": 15.890285714285715
      }
    },
    "Runtime puncturing": {
      "goodput_mbps": {
        "ci95": 0.010034160378114571,
        "count": 5,
        "mean": 15.96571428571429
      },
      "observed_masks": [
        0,
        2
      ]
    }
  },
  "rate": {
    "Mobile HE Minstrel": {
      "goodput_mbps": {
        "ci95": 5.262238062450098,
        "count": 5,
        "mean": 8.7684
      },
      "selected_mcs_max": 11,
      "selected_mcs_min": 0,
      "tx_success_fraction": {
        "ci95": 0.016057644732175514,
        "count": 5,
        "mean": 0.9802415016508844
      }
    }
  },
  "twt": {
    "Baseline": {
      "delivered_bytes": {
        "ci95": 111.05780420791174,
        "count": 5,
        "mean": 15960.0
      },
      "energy_per_bit_j": {
        "ci95": 1.9986252827623375e-08,
        "count": 5,
        "mean": 2.854311138771627e-06
      },
      "goodput_mbps": {
        "ci95": 9.871804818481054e-06,
        "count": 5,
        "mean": 0.0014186666666666666
      }
    },
    "TWT": {
      "delivered_bytes": {
        "ci95": 0.0,
        "count": 5,
        "mean": 16000.0
      },
      "energy_per_bit_j": {
        "ci95": 4.300000211215e-11,
        "count": 5,
        "mean": 1.5552121124310594e-06
      },
      "goodput_mbps": {
        "ci95": 0.0,
        "count": 5,
        "mean": 0.001422222222222222
      }
    },
    "delivery_ratio_twt_over_baseline": {
      "ci95": 0.007028974949867869,
      "count": 5,
      "mean": 1.0025316455696203
    }
  },
  "uora": {
    "Heavy, 1 RA-RU": {
      "attempts": {
        "ci95": 43.87837485781434,
        "count": 5,
        "mean": 77.6
      },
      "success_probability": {
        "ci95": 0.14041753814379018,
        "count": 5,
        "mean": 0.4847628663323472
      }
    },
    "Heavy, 3 RA-RUs": {
      "attempts": {
        "ci95": 77.9217121767211,
        "count": 5,
        "mean": 212.4
      },
      "success_probability": {
        "ci95": 0.13240171211102636,