{
  "bsr": {
    "Fresh BSR": {
      "reported_backlog_mean_bytes": {
        "ci95": 2030.0259863869442,
        "count": 5,
        "mean": 36078.73567562906
      },
      "scheduled_backlog_mean_bytes": {
        "ci95": 2740.1558147890755,
        "count": 5,
        "mean": 41505.841031647346
      }
    },
    "Stale BSR": {
      "reported_backlog_mean_bytes": {
        "ci95": 389.49500007575335,
        "count": 5,
        "mean": 73409.99274210255
      },
      "scheduled_backlog_mean_bytes": {
        "ci95": 414.90563151594637,
        "count": 5,
        "mean": 73565.4207518964
      }
    }
  },
  "bss": {
    "Aggressive": {
      "concurrent_ap_airtime_percent": {
        "ci95": 0.8503086947195408,
        "count": 5,
        "mean": 1.238
      },
      "goodput_mbps": {
        "ci95": 0.5792469627288953,
        "count": 5,
        "mean": 7.923692307692309
      },
      "jain_fairness": {
        "ci95": 0.030210481650722425,
        "count": 5,
        "mean": 0.5327568757114968
      }
    },
    "Color collision": {
      "concurrent_ap_airtime_percent": {
        "ci95": 0.2631624753661438,
        "count": 5,
        "mean": 0.6679999999999999
      },
      "goodput_mbps": {
        "ci95": 0.26078127521775957,
        "count": 5,
        "mean": 6.877538461538464
      },
      "jain_fairness": {
        "ci95": 0.017783615148470013,
        "count": 5,
        "mean": 0.9377597379023408
      }
    },
    "Conservative": {
      "concurrent_ap_airtime_percent": {
        "ci95": 0.5708009214653774,
        "count": 5,
        "mean": 1.1239999999999999
      },
      "goodput_mbps": {
        "ci95": 0.48957347955801583,
        "count": 5,
        "mean": 7.74646153846154
      },
      "jain_fairness": {
        "ci95": 0.02011694301321366,
        "count": 5,
        "mean": 0.5289278674256164
      }
    },
    "Disabled": {
      "concurrent_ap_airtime_percent": {
        "ci95": 0.26157590584616375,
        "count": 5,
        "mean": 0.614
      },
      "goodput_mbps": {
        "ci95": 0.4925458790623791,
        "count": 5,
        "mean": 7.084307692307694
      },
      "jain_fairness": {
        "ci95": 0.018286426770651898,
        "count": 5,
        "mean": 0.9373159143876263
      }
    },
    "Enabled": {
      "concurrent_ap_airtime_percent": {
        "ci95": 0.8503086947195408,
        "count": 5,
        "mean": 1.238
      },
      "goodput_mbps": {
        "ci95": 0.5792469627288953,
        "count": 5,
        "mean": 7.923692307692309
      },
      "jain_fairness": {
        "ci95": 0.030210481650722425,
        "count": 5,
        "mean": 0.5327568757114968
      }
    }
  },
  "dl": {
    "Backlog": {
      "delay_p95_ms": {
        "ci95": 0.8045521130959581,
        "count": 5,
        "mean": 204.29611788399993
      },
      "goodput_mbps": {
        "ci95": 0.042097513309753365,
        "count": 5,
        "mean": 6.754758620689654
      },
      "jain_fairness": {
        "ci95": 0.00011721429534651023,
        "count": 5,
        "mean": 0.5742984774067267
      }
    },
    "EDCA": {
      "delay_p95_ms": {
        "ci95": 0.8566999209194361,
        "count": 5,
        "mean": 155.95427339514998
      },
      "goodput_mbps": {
        "ci95": 0.003752206238114529,
        "count": 5,
        "mean": 1.588413793103448
      },
      "jain_fairness": {
        "ci95": 0.0013259735017905042,
        "count": 5,
        "mean": 0.9823775564060465
      }
    },
    "HoL min delay": {
      "delay_p95_ms": {
        "ci95": 0.33559569096159547,
        "count": 5,
        "mean": 221.41106994031998
      },
      "goodput_mbps": {
        "ci95": 0.011488738366335348,
        "count": 5,
        "mean": 5.471724137931033
      },
      "jain_fairness": {
        "ci95": 5.956827055900507e-07,
        "count": 5,
        "mean": 0.641308043406911
      }
    },
    "fBW": {
      "delay_p95_ms": {
        "ci95": 1.3777896127366187,
        "count": 5,
        "mean": 11.759410489979999
      },
      "goodput_mbps": {
        "ci95": 0.003063663564356013,
        "count": 5,
        "mean": 2.3726896551724135
      },
      "jain_fairness": {
        "ci95": 1.4999544762591985e-05,
        "count": 5,
        "mean": 0.9999311801032451
      }
    },
    "fHoL": {
      "delay_p95_ms": {
        "ci95": 0.012783396107667001,
        "count": 5,
        "mean": 2.3124719326899994
      },
      "goodput_mbps": {
        "ci95": 0.0022977476732672177,
        "count": 5,
        "mean": 2.3950344827586205
      },
      "jain_fairness": {
        "ci95": 3.082473282398405e-16,
        "count": 5,
        "mean": 1.0
      }
    }
  },
  "er": {
    "HE-ER-SU": {
      "goodput_mbps": {
        "ci95": 0.00026131248048926235,
        "count": 5,
        "mean": 1.3330823529411766
      }
    },
    "HE-SU": {
      "goodput_mbps": {
        "ci95": 0.014463356625259376,
        "count": 5,
        "mean": 0.5629176470588235
      }
    }
  },
  "fragmentation": {
    "Dynamic": {
      "ack_airtime_total_ms": {
        "ci95": 0.3323765454070131,
        "count": 5,
        "mean": 51.791999999999994
      },
      "mac_frame_size_mean_bytes": {
        "ci95": 0.8778339840184622,
        "count": 5,
        "mean": 293.8929854297615
      }
    },
    "Static": {
      "ack_airtime_total_ms": {
        "ci95": 0.3323765454070131,
        "count": 5,
        "mean": 51.791999999999994
      },
      "mac_frame_size_mean_bytes": {
        "ci95": 0.8778339840184622,
        "count": 5,
        "mean": 293.8929854297615
      }
    },
    "Unfragmented": {
      "ack_airtime_total_ms": {
        "ci95": 0.0,
        "count": 5,
        "mean": 69.36000000000001
      },
      "mac_frame_size_mean_bytes": {
        "ci95": 0.0,
        "count": 5,
        "mean": 1070.0
      }
    }
  },
  "mimo": {
    "20 MHz MU-MIMO": {
      "goodput_mbps": {
        "ci95": 0.0,
        "count": 5,
        "mean": 2.4000000000000004
      }
    },
    "20 MHz OFDMA": {
      "goodput_mbps": {
        "ci95": 0.0,
        "count": 5,
        "mean": 2.4000000000000004
      }
    }
  },
  "puncturing": {
    "Clean": {
      "goodput_mbps": {
        "ci95": 0.0,
        "count": 5,
        "mean": 16.000000000000004
      }
    },
    "Interference, punctured": {
      "goodput_mbps": {
        "ci95": 0.033481224893943805,
        "count": 5,
        "mean": 63.88184615384616
      }
    },
    "Interference, unpunctured": {
      "goodput_mbps": {
        "ci95": 0.051143415812115595,
        "count": 5,
        "mean": 63.94092307692309
      }
    },
    "Runtime puncturing": {
      "goodput_mbps": {
        "ci95": 0.033481224893943805,
        "count": 5,
        "mean": 63.93107692307693
      },
      "observed_masks": [
        0,
        2
      ]
    }
  },
  "rate": {
    "Mobile HE Minstrel": {
      "goodput_mbps": {
        "ci95": 3.830298980191485,
        "count": 5,
        "mean": 9.372
      },
      "selected_mcs_max": 11,
      "selected_mcs_min": 0,
      "tx_success_fraction": {
        "ci95": 0.01018998690979077,
        "count": 5,
        "mean": 0.9797321716075647
      }
    }
  },
  "twt": {
    "Baseline": {
      "delivered_bytes": {
        "ci95": 111.05780420791174,
        "count": 5,
        "mean": 15960.0
      },
      "energy_per_bit_j": {
        "ci95": 1.9986252827623375e-08,
        "count": 5,
        "mean": 2.854311138771627e-06
      },
      "goodput_mbps": {
        "ci95": 9.871804818481054e-06,
        "count": 5,
        "mean": 0.0014186666666666666
      }
    },
    "TWT": {
      "delivered_bytes": {
        "ci95": 0.0,
        "count": 5,
        "mean": 16000.0
      },
      "energy_per_bit_j": {
        "ci95": 4.300000211215e-11,
        "count": 5,
        "mean": 1.5552121124310594e-06
      },
      "goodput_mbps": {
        "ci95": 0.0,
        "count": 5,
        "mean": 0.001422222222222222
      }
    },