{
  "bsr": {
    "Fresh BSR": {
      "reported_backlog_mean_bytes": {
        "ci95": 2030.0259863869442,
        "count": 5,
        "mean": 36078.73567562906
      },
      "scheduled_backlog_mean_bytes": {
        "ci95": 2740.1558147890755,
        "count": 5,
        "mean": 41505.841031647346
      }
    },
    "Stale BSR": {
      "reported_backlog_mean_bytes": {
        "ci95": 389.49500007575335,
        "count": 5,
        "mean": 73409.99274210255
      },
      "scheduled_backlog_mean_bytes": {
        "ci95": 414.90563151594637,
        "count": 5,
        "mean": 73565.4207518964
      }
    }
  },
  "bss": {
    "Aggressive": {
      "concurrent_ap_airtime_percent": {
        "ci95": 0.2584332046501372,
        "count": 5,
        "mean": 0.5319999999999999
      },
      "goodput_mbps": {
        "ci95": 0.16544152521280792,
        "count": 5,
        "mean": 6.648615384615385
      },
      "jain_fairness": {
        "ci95": 0.08115472310826816,
        "count": 5,
        "mean": 0.900268388707411
      }
    },
    "Color collision": {
      "concurrent_ap_airtime_percent": {
        "ci95": 0.2584332046501372,
        "count": 5,
        "mean": 0.5319999999999999
      },
      "goodput_mbps": {
        "ci95": 0.16544152521280792,
        "count": 5,
        "mean": 6.648615384615385
      },
      "jain_fairness": {
        "ci95": 0.08115472310826816,
        "count": 5,
        "mean": 0.900268388707411
      }
    },
    "Conservative": {
      "concurrent_ap_airtime_percent": {
        "ci95": 0.2584332046501372,
        "count": 5,
        "mean": 0.5319999999999999
      },
      "goodput_mbps": {
        "ci95": 0.16544152521280792,
        "count": 5,
        "mean": 6.648615384615385
      },
      "jain_fairness": {
        "ci95": 0.08115472310826816,
        "count": 5,
        "mean": 0.900268388707411
      }
    },
    "Disabled": {
      "concurrent_ap_airtime_percent": {
        "ci95": 0.2584332046501372,
        "count": 5,
        "mean": 0.5319999999999999
      },
      "goodput_mbps": {
        "ci95": 0.16544152521280792,
        "count": 5,
        "mean": 6.648615384615385
      },
      "jain_fairness": {
        "ci95": 0.08115472310826817,
        "count": 5,
        "mean": 0.900268388707411
      }
    },
    "Enabled": {
      "concurrent_ap_airtime_percent": {
        "ci95": 0.2584332046501372,
        "count": 5,
        "mean": 0.5319999999999999
      },
      "goodput_mbps": {
        "ci95": 0.16544152521280792,
        "count": 5,
        "mean": 6.648615384615385
      },
      "jain_fairness": {
        "ci95": 0.08115472310826816,
        "count": 5,
        "mean": 0.900268388707411
      }
    }
  },
  "dl": {
    "Backlog": {
      "delay_p95_ms": {
        "ci95": 0.03330989030152015,
        "count": 5,
        "mean": 35.800457884000004
      },
      "goodput_mbps": {
        "ci95": 0.020386891311571054,
        "count": 5,
        "mean": 35.75834482758621
      },
      "jain_fairness": {
        "ci95": 0.00021622847742016512,
        "count": 5,
        "mean": 0.8631119677831167
      }
    },
    "EDCA": {
      "delay_p95_ms": {
        "ci95": 1.2698464223768409,
        "count": 5,
        "mean": 20.75821630955
      },
      "goodput_mbps": {
        "ci95": 0.027551688423329414,
        "count": 5,
        "mean": 7.432275862068964
      },
      "jain_fairness": {
        "ci95": 0.0002197444268095709,
        "count": 5,
        "mean": 0.9992605593829295
      }
    },
    "HoL min delay": {
      "delay_p95_ms": {
        "ci95": 0.24619939274704045,
        "count": 5,
        "mean": 86.91047075838
      },
      "goodput_mbps": {
        "ci95": 0.020679729059402793,
        "count": 5,
        "mean": 13.813241379310345
      },
      "jain_fairness": {
        "ci95": 0.000235992444545476,
        "count": 5,
        "mean": 0.6775741188556876
      }
    },
    "fBW": {
      "delay_p95_ms": {
        "ci95": 0.01556107903987698,
        "count": 5,
        "mean": 11.85730769087
      },
      "goodput_mbps": {
        "ci95": 0.026393554956929088,
        "count": 5,
        "mean": 23.515862068965514
      },
      "jain_fairness": {
        "ci95": 0.00011467382258957564,
        "count": 5,
        "mean": 0.9989302827084774
      }
    },
    "fHoL": {
      "delay_p95_ms": {
        "ci95": 0.013182107958919902,
        "count": 5,
        "mean": 14.0233568044
      },
      "goodput_mbps": {
        "ci95": 0.03872233207183335,
        "count": 5,
        "mean": 20.096275862068964
      },
      "jain_fairness": {
        "ci95": 6.892619798269739e-17,
        "count": 5,
        "mean": 1.0
      }
    }
  },
  "fragmentation": {
    "Dynamic": {
      "ack_airtime_total_ms": {
        "ci95": 0.3323765454070131,
        "count": 5,
        "mean": 51.791999999999994
      },
      "mac_frame_size_mean_bytes": {
        "ci95": 0.8778339840184622,
        "count": 5,
        "mean": 293.8929854297615
      }
    },
    "Static": {
      "ack_airtime_total_ms": {
        "ci95": 0.3323765454070131,
        "count": 5,
        "mean": 51.791999999999994
      },
      "mac_frame_size_mean_bytes": {
        "ci95": 0.8778339840184622,
        "count": 5,
        "mean": 293.8929854297615
      }
    },
    "Unfragmented": {
      "ack_airtime_total_ms": {
        "ci95": 0.0,
        "count": 5,
        "mean": 69.36000000000001
      },
      "mac_frame_size_mean_bytes": {
        "ci95": 0.0,
        "count": 5,
        "mean": 1070.0
      }
    }
  },
  "mimo": {
    "20 MHz MU-MIMO": {
      "goodput_mbps": {
        "ci95": 0.0,
        "count": 5,
        "mean": 10.93818181818182
      }
    },
    "20 MHz OFDMA": {
      "goodput_mbps": {
        "ci95": 0.043076966480644824,
        "count": 5,
        "mean": 23.56751515151516
      }
    }
  },
  "puncturing": {
    "Clean": {
      "goodput_mbps": {
        "ci95": 0.0,
        "count": 5,
        "mean": 16.000000000000004
      }
    },
    "Interference, punctured": {
      "goodput_mbps": {
        "ci95": 0.033481224893943805,
        "count": 5,
        "mean": 63.88184615384616
      }
    },
    "Interference, unpunctured": {
      "goodput_mbps": {
        "ci95": 0.051143415812115595,
        "count": 5,
        "mean": 63.94092307692309
      }
    },
    "Runtime puncturing": {
      "goodput_mbps": {
        "ci95": 0.033481224893943805,
        "count": 5,
        "mean": 63.93107692307693
      },
      "observed_masks": [
        0,
        2
      ]
    }
  },
  "rate": {
    "Mobile HE Minstrel": {
      "goodput_mbps": {
        "ci95": 3.830298980191485,
        "count": 5,
        "mean": 9.372
      },
      "selected_mcs_max": 11,
      "selected_mcs_min": 0,
      "tx_success_fraction": {
        "ci95": 0.01018998690979077,
        "count": 5,
        "mean": 0.9797321716075647
      }
    }
  },
  "twt": {
    "Baseline": {
      "delivered_bytes": {
        "ci95": 111.05780420791174,
        "count": 5,
        "mean": 15960.0
      },
      "energy_per_bit_j": {
        "ci95": 1.9986252827623375e-08,
        "count": 5,
        "mean": 2.854311138771627e-06
      },
      "goodput_mbps": {
        "ci95": 9.871804818481054e-06,
        "count": 5,
        "mean": 0.0014186666666666666
      }
    },
    "TWT": {
      "delivered_bytes": {
        "ci95": 0.0,
        "count": 5,
        "mean": 16000.0
      },
      "energy_per_bit_j": {
        "ci95": 4.300000211215e-11,
        "count": 5,
        "mean": 1.5552121124310594e-06
      },
      "goodput_mbps": {
        "ci95": 0.0,
        "count": 5,
        "mean": 0.001422222222222222
      }
    },
    "delivery_ratio_twt_over_baseline": {
      "ci95": 0.007028974949867869,
      "count": 5,
      "mean": 1.0025316455696203
    }
  },
  "uora": {
    "Heavy, 1 RA-RU": {
      "attempts": {
        "ci95": 41.26922050942735,
        "count": 5,
        "mean": 80.8
      },